_max_adv,_min_discrew,_max_discrew,_min_obs,_std_act,_min_act,_max_act,_mean_adv,_mean_act,_std_discrew,_MeanReward,ExplainedVarOld,Steps,_lr_multiplier,ExplainedVarNew,PolicyLoss,_Episode,_mean_obs,Beta,ValFuncLoss,KL,_mean_discrew,_std_adv,PolicyEntropy,_min_adv,_max_obs,_std_obs
6.9219306506642369,-0.93945276638039166,-0.0042932594853917309,-3.9066446910660777,0.367062,-2.74761,2.82328,2.3530960729717604e-15,-0.0011839,0.049952724440823694,-910.15283538120332,0.0,32032,1.0,0.0,-0.000106272,32,1.9459654259635988,0.66666666666666663,0.049952749734136312,0.000147581,-0.72946851093405829,0.99991908895308657,5.53099,-0.6067724951882032,49.999999999999297,16.163144807911898
7.0150658575493976,-0.9325911732471367,-0.0042156649342454154,-3.585985073092341,0.370858,-2.8462,2.80534,5.3237467714293221e-18,0.000988513,0.049709198195607623,-906.89169946496361,0.0,32032,1.0,0.0,-0.000257577,64,1.9104371032093479,0.44444444444444442,0.049712134223882556,0.000348568,-0.72697278884801364,0.99998078811742497,5.55819,-0.36064172295355279,49.999999999999297,16.136403174544004
7.0178449213577423,-0.93128653559101116,-0.0043108097222520755,-3.2287874960710732,0.374572,-2.77002,2.88639,-7.0983290285724294e-18,-0.00202985,0.049530343006123509,-906.4307733152375,1.1102230246251565e-16,32032,1.0,1.1102230246251565e-16,-9.2877e-05,96,1.9134425742377825,0.29629629629629628,0.049536538583870693,0.000241995,-0.72652047693979449,0.99998075638571482,5.55377,-0.37105081337863105,49.999999999999297,16.131172586663354
7.007260979179831,-0.93793198404858646,-0.0040309139668764831,-3.1783323781238719,0.371943,-2.76422,2.75996,3.9928100785719919e-18,-0.00234426,0.04985333726751609,-904.03699082713979,0.0,32032,1.0,0.0,-0.000396233,128,1.904742471363789,0.19753086419753085,0.049853477203376351,0.000509024,-0.72437476985024629,0.99998078673475232,5.55956,-0.3766631006092967,49.999999999999297,16.134087777769221
7.0193832297115684,-0.93859341347083691,-0.0041482869167501586,-3.0074997012408957,0.375104,-2.52473,2.71663,-1.3309366928573306e-17,-0.00096206,0.049896742784384891,-909.74673584593427,-2.2204460492503131e-16,32032,1.0,-2.2204460492503131e-16,-0.000254571,160,1.9239084608538803,0.13168724279835389,0.049912429822277067,0.000235319,-0.72947494425530435,0.99998069396605938,5.53648,-0.37120024909933125,49.999999999999297,16.128211160464708
7.0147654489056483,-0.9345328049349152,-0.0036683573831672676,-3.2491748965858234,0.372092,-2.57933,2.66532,2.0851341521431511e-17,-0.00222178,0.05010658530676302,-907.77973516008319,0.0,32032,1.0,0.0,-0.000348211,192,1.9119728355288912,0.0877914951989026,0.050119516335997941,0.000389576,-0.72758296531103961,0.99998088383099037,5.55667,-0.36543751781746603,49.999999999999297,16.140350758479183
7.0134366771084338,-0.94469424603510621,-0.0041253969436558331,-3.2345400074202235,0.37276,-2.57226,3.00664,1.7745822571431074e-18,-0.0036885,0.048802956177037657,-898.07044849328963,1.1102230246251565e-16,32032,1.0,1.1102230246251565e-16,-0.000286916,224,1.9183388903968372,0.058527663465935069,0.048930638356343176,0.00047493,-0.71959765344966231,0.99998078032273141,5.59904,-0.40219717154270884,49.999999999999297,16.145935849947925
7.0098222191635058,-0.93917544437525891,-0.0038975516293091603,-3.2568737810253769,0.378032,-2.65908,2.77308,-1.5971240314287968e-17,-0.00096976,0.050431485031081018,-909.85120708144836,0.0,32032,1.0,0.0,-0.000392875,256,1.9585800154491344,0.039018442310623382,0.050515856604213046,0.000625849,-0.72898414372330012,0.99998085084624599,5.59232,-0.36659664012405713,49.999999999999297,16.140565227454605
7.0151445296310024,-0.93121781874137866,-0.0040679322511083683,-3.121259591400912,0.377262,-2.85354,2.76935,-5.3237467714293221e-18,-0.00158507,0.049928523379714165,-907.88859385483624,0.0,32032,1.0,0.0,-0.000446914,288,1.9084877479648235,0.026012294873748922,0.049937434403934673,0.000629187,-0.72782377983795299,0.99998059670848449,5.5483,-0.36564387703050522,49.999999999999297,16.1330446337453
7.0139993780153809,-0.93991906939405212,-0.0041897653620810845,-3.1054264403460619,0.372604,-2.64608,2.56891,6.654683464286653e-18,-0.000410227,0.049369575834691079,-903.19396184724803,1.1102230246251565e-16,32032,1.0,1.1102230246251565e-16,-0.000626651,320,1.9338164588391213,0.017341529915832616,0.049374088947295156,0.000837803,-0.72352401403996902,0.99998079577056875,5.5092,-0.37951040309411149,49.999999999999297,16.129332530497216
7.0190459289313152,-0.93482323461367145,-0.0043468415266008469,-3.2514849270250945,0.3684,-2.63378,3.15441,1.7745822571431074e-17,-0.00190765,0.050509051502158737,-915.69923422972386,1.1102230246251565e-16,32032,1.0,1.1102230246251565e-16,-0.000693752,352,1.9177307738347436,0.011561019943888411,0.050524735506190487,0.000611067,-0.73401593373479224,0.99998065169560046,5.53371,-0.3505161434303336,49.999999999999297,16.13746432705565
7.0148190915980626,-0.9318047722063949,-0.0043050768926172819,-3.0987764402379989,0.370536,-2.70884,2.65731,-1.7745822571431074e-17,-0.0020584,0.048814915436238643,-898.52908413364366,0.0,32032,1.0,0.0,-0.000887995,384,1.9225765308166902,0.0077073466292589404,0.048845932642579998,0.00131035,-0.72030368414569024,0.99998075240513817,5.58919,-0.38302023971103394,49.999999999999297,16.14036427925906
7.0157713520950793,-0.94213795279070955,-0.0039961869033724633,-2.8016271188242801,0.377769,-3.02501,2.90262,-1.4640303621430636e-17,-0.00171119,0.049830289261626907,-907.12985315498634,0.0,32032,1.0,0.0,-0.000518965,416,1.9389200229722205,0.0051382310861726272,0.049908488681490927,0.000671387,-0.72739473893283924,0.99998071749289008,5.6392,-0.37961414890867756,49.999999999999297,16.132873614105176
7.0095944750009798,-0.92578357083118246,-0.0041462363535087103,-3.1442242087228944,0.38551,-3.08939,2.80321,-6.2110379000008757e-18,-0.00208903,0.049881259022349536,-905.39585067752864,0.0,32032,1.0,0.0,-0.00021391,448,1.9078162218157226,0.0034254873907817516,0.049897224294015011,0.000222445,-0.72566473520751307,0.99998057055050649,5.61525,-0.36590500137153048,49.999999999999297,16.127811804428156
7.0132463814696573,-0.94151003697212399,-0.0039018134197912452,-2.8555963300059206,0.37962,-2.76261,2.87899,1.5971240314287968e-17,-0.00205788,0.049501908432555586,-903.12755366068325,0.0,32032,1.0,0.0,-0.00048736,480,1.9314183175072828,0.0022836582605211676,0.049512712091477569,0.000558376,-0.72373784203509239,0.99998078247603961,5.58993,-0.38559549070357169,49.999999999999297,16.134383362359124
7.0160561667078385,-0.93164053239690725,-0.004310622257284292,-3.1511903485687256,0.379272,-2.98492,2.68182,3.5491645142862147e-18,-0.00238621,0.05021395828234726,-912.41125192563231,1.1102230246251565e-16,32032,1.0,1.1102230246251565e-16,-0.000445899,512,1.8922352793309767,0.0015224388403474451,0.050239303395627752,0.000809431,-0.73116183873771456,0.9999807577942369,5.58411,-0.35276005853477044,49.999999999999297,16.12608535460307
7.0113521650274704,-0.93756880942470411,-0.0041955471392042514,-3.2375748207891704,0.377983,-3.07671,2.71918,5.3237467714293221e-18,-0.000705954,0.049487017530460059,-901.43944105171533,0.0,32032,1.0,0.0,-0.000490654,544,1.9345801595180709,0.0010149592268982968,0.049511542916228411,0.000676632,-0.72227525747216959,0.99998069947008827,5.58525,-0.37979480370384278,49.999999999999297,16.12034427113074
6.9949013619905989,-0.93428928744366779,-0.003575963110589405,-3.1928693740953347,0.377183,-2.62369,2.55954,1.2865721364287529e-17,-0.00538405,0.050261692029401166,-898.64332764314781,0.0,32032,1.0,0.0,-0.000486114,576,1.9310827225595075,0.00067663948459886455,0.050271812171556268,0.000466347,-0.71997440062685469,0.9999807685924671,5.57892,-0.38795424103583259,49.999999999999297,16.136616339051795
7.014699402081602,-0.93679814560439945,-0.0040472886911933703,-2.6444430500459153,0.378809,-3.18871,2.73738,-1.7745822571431074e-18,-0.00458259,0.049926899438451418,-908.3687374517026,0.0,32032,1.0,0.0,-0.000381671,608,1.9505578243137669,0.00045109298973257638,0.049978277759290271,0.000396967,-0.72791402679831219,0.99998066917849804,5.56814,-0.36574737615984493,49.999999999999297,16.128564587607265
7.0187779206409848,-0.94230418188008036,-0.0043211246632207517,-3.0692854232528064,0.377076,-2.81011,3.0666,-3.5491645142862147e-18,-0.00155577,0.050151175509267704,-913.52273305921176,0.0,32032,1.0,0.0,-0.000460262,640,1.9155139940995727,0.00030072865982171761,0.050151851696954568,0.000687122,-0.73217606480246389,0.99998062796219345,5.58051,-0.37090673633899174,49.999999999999297,16.132202878842339
7.0159712716633473,-0.94105057654573576,-0.0042662593477985145,-3.2290244151297927,0.378775,-2.72832,2.67515,9.7602024142870912e-18,-0.00387473,0.049758086398247178,-907.98169094510786,0.0,32032,1.0,0.0,-0.000284605,672,1.9374181632951433,0.0002004857732144784,0.049777201299942252,0.000189066,-0.72774112115221745,0.99998085743920118,5.59142,-0.3720903763683151,49.999999999999297,16.128124138879208
7.0128649096174955,-0.94219147491859789,-0.0041620433493934801,-3.0394995667328497,0.381068,-2.83017,3.11247,5.3237467714293221e-18,-0.00473535,0.050079531362483075,-909.08527524636065,0.0,32032,1.0,0.0,-0.000449114,704,1.9385401766830037,0.00013365718214298559,0.050092836875709729,0.000538826,-0.72870017372865814,0.99998067979049821,5.57782,-0.38382096909641727,49.999999999999297,16.134087465455433
7.014994059823537,-0.93777393349130178,-0.004376110267513075,-3.0141016089607242,0.377739,-2.83653,2.94042,8.8729112857155368e-18,-0.00302657,0.050465141701701376,-914.79035091207504,0.0,32032,1.0,0.0,-0.00014588,736,1.9131957338104033,8.9104788095323721e-05,0.050488354140117361,0.000106335,-0.7331947346335973,0.99998087834324201,5.55984,-0.35308019837965127,49.999999999999297,16.122116767818447
7.0131697265872948,-0.92852709936634847,-0.0038167508794226448,-3.260558217387755,0.376406,-2.83063,3.17453,3.5491645142862147e-18,-0.00555033,0.048881628426323702,-897.02533596549051,0.0,32032,1.0,0.0,-0.000636916,768,1.9524905719266945,5.9403192063549147e-05,0.048881628816982943,0.000597715,-0.71859297772527875,0.99998072747795963,5.57631,-0.37957156067002523,49.999999999999297,16.129151317496778
7.0083971360529018,-0.93972332204095399,-0.0039654534236152981,-3.2138069295295653,0.376705,-3.14233,2.79863,5.3237467714293221e-18,-0.00329538,0.050183847384422643,-906.49950299582542,0.0,32032,1.0,0.0,-0.000528109,800,1.914778083126861,3.9602128042366096e-05,0.050263180909013598,0.000634193,-0.72636548304202542,0.99998058471791784,5.57374,-0.37608451340949517,49.999999999999297,16.132194028397453
7.0121765242501573,-0.93021413914580042,-0.0040738558482814246,-3.2524016359500729,0.377122,-2.66678,2.79092,1.4196658057144859e-17,-0.00506857,0.049572939518211075,-903.98883188594198,0.0,32032,1.0,0.0,-0.000679677,832,1.8853061379312221,2.6401418694910729e-05,0.049582039996912373,0.000809431,-0.72426747244491929,0.99998053551931942,5.54412,-0.36701789955181158,49.999999999999297,16.128352424911125
7.0177369105574376,-0.93788370526672904,-0.0043766402424874166,-3.0583655250648376,0.374996,-2.63088,2.68129,-6.2110379000008757e-18,-0.00559511,0.05005205650609236,-911.68271952599139,1.1102230246251565e-16,32032,1.0,1.1102230246251565e-16,-0.000458134,864,1.9360484470881976,1.7600945796607154e-05,0.050060698837454315,0.000602484,-0.73080495624883191,0.99998063051670394,5.52151,-0.36865859930170575,49.999999999999297,16.13385594750244
7.0146529689236186,-0.93627390947935907,-0.0041872335783575548,-3.0972408658578554,0.371684,-2.86461,2.6114,-1.2422075800001751e-17,-0.00420837,0.05020993332616891,-910.86120124138881,0.0,32032,1.0,0.0,-0.00031987,896,1.9125602465558682,1.173396386440477e-05,0.050236525059239437,0.000267506,-0.73015294315814849,0.99998089273167468,5.52436,-0.35813170756831936,49.999999999999297,16.131327537505435
7.0186165453854654,-0.94100429804373864,-0.0040798978839855808,-3.2659376185392563,0.371888,-3.12239,3.13842,1.5527594750002191e-17,-0.00448687,0.050307614326832902,-913.47586150759435,0.0,32032,1.0,0.0,-0.000503937,928,1.9141363610627333,7.8226425762698466e-06,0.050309426572913644,0.000627995,-0.73196079946100212,0.99998092840484476,5.52404,-0.36450980769770258,49.999999999999297,16.140385850317351
7.0143630023275323,-0.93388039567973324,-0.0042186448964769297,-3.3050176401890075,0.372493,-2.77655,2.93775,-7.9856201571439839e-18,-0.00564488,0.049890835280907632,-907.75288134113907,0.0,32032,1.0,0.0,-0.000364593,960,1.94777013564123,5.2150950508465644e-06,0.04989331312430359,0.000313044,-0.72727851295814894,0.9999808133127932,5.52019,-0.36944241944177603,49.999999999999297,16.129764526184779
7.0103771519083118,-0.93787041957229955,-0.0041536544863757111,-3.3099564002357265,0.37208,-2.62943,2.66025,-1.0647493542858644e-17,-0.00714955,0.049505980878752714,-902.67383711936827,0.0,32032,1.0,0.0,-0.000286925,992,1.8969395854039457,3.4767300338977098e-06,0.04950909707841103,0.000333786,-0.72311589609459792,0.99998076470926467,5.53838,-0.38050580940913853,49.999999999999297,16.138391095332143
7.0134718415102855,-0.92576969963306366,-0.0042821034523739532,-2.7070423841406606,0.374182,-3.47639,2.93038,-7.9856201571439839e-18,-0.00533399,0.049810399491437715,-908.19166191304362,0.0,32032,1.0,0.0,-0.000891626,1024,1.9042888925942048,2.3178200225984733e-06,0.049836415947303148,0.000785828,-0.72774114726249339,0.99998070055185495,5.57198,-0.35333310400432427,49.999999999999297,16.121347976424794
7.0148153578162153,-0.93392095891101767,-0.0040518628552239444,-3.3180248890775803,0.377911,-2.75786,2.76322,-3.1055189500004379e-18,-0.00554921,0.049248904892883465,-902.01693837575169,-2.2204460492503131e-16,32032,1.0,-2.2204460492503131e-16,-0.000467751,1056,1.914882374297471,1.5452133483989821e-06,0.049258841989819453,0.000488043,-0.72287363341372901,0.99998062522655951,5.55468,-0.37336043767881422,49.999999999999297,16.128164305695119
7.0171930551431636,-0.9315222677936752,-0.0041392062971971561,-3.1985213325235367,0.37663,-2.80967,3.08566,-2.1960455432145953e-17,-0.00641839,0.049727425389592551,-907.9032763738071,0.0,32032,1.0,0.0,-0.000237644,1088,1.8984999344239089,1.030142232265988e-06,0.049731463225582695,0.000320911,-0.72763727629982344,0.99998058723226457,5.54381,-0.37704450379338589,49.999999999999297,16.132222713827947
7.0172261287773914,-0.94020812485352212,-0.0043312179577832503,-3.2170803956139702,0.375144,-2.89536,3.12029,-1.6858531442859519e-17,-0.00402995,0.04967352385784516,-908.33719782058984,0.0,32032,1.0,0.0,-0.000549484,1120,1.9110768556454543,6.8676148817732538e-07,0.049679979051658274,0.000399828,-0.72803395962241046,0.99998070501677705,5.56172,-0.38012909264670725,49.999999999999297,16.13034315566961
7.0200452777766431,-0.93523639860728258,-0.0042004398149524886,-3.0920662362328897,0.378083,-3.00995,2.80722,1.5971240314287968e-17,-0.00454934,0.049544631528822956,-906.69919335038242,0.0,32032,1.0,0.0,-0.000100646,1152,1.9336749059364446,4.5784099211821692e-07,0.049545689584861566,0.000189066,-0.72654245168449005,0.99998068960034758,5.55713,-0.36560798370230208,49.999999999999297,16.124818754752905
7.0196011073007849,-0.9349090046322055,-0.0042403749241587962,-3.2963110974940757,0.376305,-3.35714,2.82575,-1.2422075800001751e-17,-0.0051159,0.049272679609402084,-905.31371968534961,0.0,32032,1.0,0.0,-0.000245865,1184,1.9408184473866217,3.0522732807881126e-07,0.049298101915399815,0.000194788,-0.72573526949800016,0.99998072497043966,5.54198,-0.37397128975119864,49.999999999999297,16.140712689265847
7.007885006923825,-0.94062529314147925,-0.0041092957941610509,-3.2514872324106068,0.374888,-2.98587,2.78356,1.7745822571431074e-18,-0.00455171,0.050536677298313369,-911.60622471306488,0.0,32032,1.0,0.0,-0.000295385,1216,1.926191871541612,2.0348488538587418e-07,0.050538504056244431,0.000313044,-0.73040242886381379,0.99998085714622775,5.53093,-0.36666149401002196,49.999999999999297,16.125862095515313
7.0156750843695184,-0.94116118282990424,-0.004303086979394544,-3.3083480590639338,0.37364,-3.04623,2.74463,-1.5971240314287968e-17,-0.00512531,0.050433050403646242,-914.28583868678902,0.0,32032,1.0,0.0,-0.000169834,1248,1.9203927425750729,1.3565659025724944e-07,0.050527467197341663,0.000121832,-0.73279259425179821,0.99998086407844244,5.54348,-0.36548614653765998,49.999999999999297,16.133087320737829
7.0046109386533031,-0.93919742978959275,-0.0039936762615835871,-3.3632382496941964,0.373889,-3.13873,2.74161,7.0983290285724294e-18,-0.00444704,0.04949503557236859,-899.89299997329317,0.0,32032,1.0,0.0,-0.000440968,1280,1.9498738736671064,9.043772683816629e-08,0.04949755226566583,0.000467539,-0.72097310273025039,0.99998104306385405,5.55301,-0.38575257751150843,49.999999999999297,16.143184045646056
7.0145437287055792,-0.93408870753993034,-0.0036999387602426504,-3.3569328045555884,0.37321,-2.84564,2.63987,-1.2422075800001751e-17,-0.00479697,0.049195874664956861,-900.032182641904,0.0,32032,1.0,0.0,-0.000340537,1312,1.9385433258987592,6.0291817892110856e-08,0.049221797427798662,0.000370026,-0.72113035969646011,0.99998062343894367,5.54896,-0.38123286135999596,49.999999999999297,16.132088220951719
7.013698315125672,-0.93449982343700022,-0.003991392191500861,-3.1887007360425339,0.375961,-2.7252,2.69508,-7.0983290285724294e-18,-0.00381109,0.050176734168546171,-909.67401854889374,0.0,32032,1.0,0.0,-0.000383424,1344,1.9364123290879289,4.0194545261407239e-08,0.05022113210240569,0.000322104,-0.72918549582289471,0.99998074277856142,5.51325,-0.37110283351254197,49.999999999999297,16.134551732630676
7.015793032529678,-0.94333740904044194,-0.0043246608014463617,-3.3682749561727081,0.370261,-3.01728,2.69452,7.0983290285724294e-18,-0.00401943,0.050371138898448624,-913.32384463337075,0.0,32032,1.0,0.0,-0.000317778,1376,1.9114108803338068,2.6796363507604826e-08,0.050481492032599815,0.000333548,-0.73217023278266014,0.99998067196147711,5.48907,-0.368308301583404,49.999999999999297,16.130858449013161
7.0183058961467308,-0.93141795713356201,-0.0040756508357240482,-2.6442530951042378,0.369473,-3.19551,3.10833,-1.7745822571431074e-18,-0.00404897,0.049030288562168386,-901.79586118836846,3.3306690738754696e-16,32032,1.0,3.3306690738754696e-16,-0.000522146,1408,1.9198246126732281,1.7864242338403216e-08,0.049059020732205055,0.000497103,-0.72259921432273522,0.99998059341837087,5.49299,-0.38401364091148926,49.999999999999297,16.129584209940429
7.0133118311284566,-0.93458893370823604,-0.0039357706957557541,-3.3698017988424018,0.369367,-2.6705,2.7684,-9.7602024142870912e-18,-0.00360328,0.050028111170784241,-907.68971290642367,-2.2204460492503131e-16,32032,1.0,-2.2204460492503131e-16,-0.000386235,1440,1.9362518454502193,1.1909494892268811e-08,0.050041893808332447,0.000415325,-0.7272841556156987,0.99998077011694098,5.51877,-0.36861680316413054,49.999999999999297,16.131408949420667
7.0185485683085105,-0.93318018016086346,-0.0042190670985910589,-3.3674554212146166,0.372276,-3.15041,2.7685,1.3309366928573306e-17,-0.00307755,0.049775024750194623,-908.97487052882616,-2.2204460492503131e-16,32032,1.0,-2.2204460492503131e-16,-0.000503227,1472,1.9179865443637751,7.9396632615125406e-09,0.049804501032479638,0.000327349,-0.72843188233882117,0.99998066547833708,5.51181,-0.35781459394526827,49.999999999999297,16.137739493093644
7.0100849833715042,-0.93271161046207329,-0.0041003189121233781,-3.1771418412718253,0.371389,-2.67317,2.88811,-4.8801012071435456e-18,-0.0047294,0.050185854675953198,-908.89406640893878,0.0,32032,1.0,0.0,-0.000393846,1504,1.894702637607387,5.2931088410083604e-09,0.05019337621494864,0.000464678,-0.72850628058811773,0.99998089950513824,5.47544,-0.36350243351464584,49.999999999999297,16.134171670645177
7.0167637792280484,-0.93986951166041954,-0.0041281265296685982,-3.3653171208628487,0.366959,-2.68544,2.84376,2.1738632650003065e-17,-0.00337606,0.050414143346564667,-913.29048917867306,0.0,32032,1.0,0.0,-0.000534885,1536,1.9309204408008227,3.5287392273389071e-09,0.050481846586651329,0.000579119,-0.7322721035988653,0.99998074032595829,5.44598,-0.36098499461399708,49.999999999999297,16.138973472617359
7.0026055553046263,-0.93399887360565004,-0.0040116090456837616,-3.1694214928346236,0.363439,-2.8005,2.5781,-1.1091139107144421e-17,-0.00658163,0.04897729366174839,-893.00123094709261,0.0,32032,1.0,0.0,-0.00037443,1568,1.9452540791701218,2.352492818225938e-09,0.049121765352418342,0.000303745,-0.71538161885168317,0.99998064256885033,5.42465,-0.39117451586752983,49.999999999999297,16.133500072084011
7.0136007104671387,-0.94272706127183215,-0.0040471618711341783,-3.3293715067605398,0.360803,-2.74317,2.75764,-4.4364556428577684e-18,-0.00829747,0.049946289913582721,-907.0032963214735,-2.2204460492503131e-16,32032,1.0,-2.2204460492503131e-16,-0.000396382,1600,1.9418809916661399,1.5683285454839587e-09,0.049963856669829755,0.000491142,-0.72680991090476599,0.99998075164433509,5.42311,-0.3800535692993684,49.999999999999297,16.129728662763281
7.0126310524422264,-0.93757984893318458,-0.0042719774648739446,-3.1859927043963743,0.36212,-2.63695,2.98922,1.7745822571431074e-18,-0.00733021,0.049924335848923578,-908.00108071237105,-2.2204460492503131e-16,32032,1.0,-2.2204460492503131e-16,-0.000385714,1632,1.9317490064757874,1.0455523636559724e-09,0.04993342718030673,0.000413418,-0.72765312287649775,0.99998065642729639,5.4426,-0.37140925104115835,49.999999999999297,16.133425854919853
7.010252163441276,-0.93620950743706211,-0.0035325777289096525,-3.1390213318964184,0.362695,-2.62367,2.90976,-1.7745822571431074e-17,-0.00615969,0.050036099316476172,-903.61484431867643,0.0,32032,1.0,0.0,-0.000109625,1664,1.9293617980605222,6.970349091039816e-10,0.050043836601180267,0.000151396,-0.72390505896570501,0.99998082256099152,5.45221,-0.37320699601991492,49.999999999999297,16.137246886270244
7.0192335511914257,-0.92982993087911037,-0.0038207891429969309,-3.2438713935523964,0.361383,-2.78241,2.66531,-7.0983290285724294e-18,-0.00906641,0.049677193270192307,-906.58417453589379,0.0,32032,1.0,0.0,-0.000686353,1696,1.9445453801995864,4.6468993940265438e-10,0.049678128699940913,0.000521183,-0.72660150983597849,0.99998072557218676,5.45833,-0.35725013754820345,49.999999999999297,16.132365261437762
7.0120162318243082,-0.93521898063435682,-0.0041820266930982222,-3.1914762797329908,0.364121,-3.01854,2.73126,1.0647493542858644e-17,-0.0113839,0.04980352725304095,-906.66055886106096,1.1102230246251565e-16,32032,1.0,1.1102230246251565e-16,-0.000638814,1728,1.9484512214152023,3.097932929351029e-10,0.049855348330406349,0.000775814,-0.72675586302753858,0.99998075465332348,5.46173,-0.37190353155471095,49.999999999999297,16.134323624581992
7.0139682111842054,-0.93714690648481236,-0.004038642256767081,-3.0203901854614346,0.366002,-2.93148,2.70402,-2.2182278214288842e-18,-0.0126934,0.049622383848353206,-904.94544744149198,0.0,32032,1.0,0.0,-0.000340418,1760,1.890831242466813,2.0652886195673526e-10,0.049622384121695402,0.000300884,-0.72536221869108009,0.99998087287559634,5.45771,-0.38004785294090221,49.999999999999297,16.12398109414136
7.0075375185440034,-0.93634828935323811,-0.0040594858157454641,-3.1872834181795264,0.365157,-2.85311,2.8858,-1.7745822571431074e-17,-0.0142404,0.050451301907593095,-907.34760827296122,-4.4408920985006262e-16,32032,1.0,-4.4408920985006262e-16,-0.000454513,1792,1.9307563185882894,1.3768590797115684e-10,0.050455250310172707,0.000493765,-0.72704009328538088,0.99998072857566833,5.4653,-0.36955158349077932,49.999999999999297,16.13267145793009
7.0198391633004258,-0.93221199882737371,-0.004103212005655203,-3.2681256744672806,0.365608,-2.83983,2.84461,-1.7302177007145296e-17,-0.0126507,0.049762744380934074,-908.36594627828913,-2.2204460492503131e-16,32032,1.0,-2.2204460492503131e-16,-0.000326053,1824,1.9254809097075949,9.1790605314104564e-11,0.049787636727272683,0.000448465,-0.72784601019198758,0.99998077251981254,5.45416,-0.36507030224005893,49.999999999999297,16.133982057944628
7.0143541474935223,-0.94160728496987167,-0.0042032439519664663,-2.908420214114388,0.364768,-2.59056,2.77888,1.5971240314287968e-17,-0.0103319,0.050041042670634452,-909.52364648368007,0.0,32032,1.0,1.1102230246251565e-16,-0.000333558,1856,1.9302428120618831,6.119373687606971e-11,0.050059690481599618,0.000118256,-0.72874926099267778,0.99998086753395488,5.45188,-0.37658780989507706,49.999999999999297,16.12889399546842
7.0180608772483799,-0.9314616187925594,-0.0041808055828855377,-3.1688708290689291,0.365566,-3.09969,2.65469,-1.0647493542858644e-17,-0.0118459,0.049767689880109815,-908.58692571606844,0.0,32032,1.0,0.0,-0.000404233,1888,1.9006744151265524,4.0795824584046475e-11,0.04977234325847521,0.000278234,-0.72815946988375768,0.99998085795712732,5.42828,-0.37581169739490561,49.999999999999297,16.131283605384244
7.0117155299265068,-0.93675013023965537,-0.0039531865633334528,-3.0991128987950685,0.361903,-2.76693,2.6271,1.7745822571431074e-18,-0.00879877,0.049940180029630361,-905.72621183050819,0.0,32032,1.0,0.0,-0.000538354,1920,1.9223147798184246,2.7197216389364318e-11,0.049950263340293288,0.000546455,-0.72581024431782104,0.99998081184303311,5.43557,-0.37181702628770064,49.999999999999297,16.136415732922167
7.019400591890979,-0.93753459809064343,-0.0044102581956578495,-3.0197001535334445,0.362395,-2.59633,2.84635,2.1294987085717288e-17,-0.00728142,0.050891493956870162,-920.39720637201424,1.1102230246251565e-16,32032,1.0,1.1102230246251565e-16,-0.00036514,1952,1.9198101352206984,1.8131477592909546e-11,0.051008138519316737,0.00041461,-0.73802438238396484,0.99998082690239931,5.44322,-0.34469877972851354,49.999999999999297,16.133520012953962
7.0093937178786616,-0.93247500974926334,-0.0036225537931819127,-3.2241554682975262,0.362764,-2.70988,2.82751,1.5971240314287968e-17,-0.010984,0.050194085809386911,-905.54322812871624,1.1102230246251565e-16,32032,1.0,1.1102230246251565e-16,-0.000199374,1984,1.9315201263902186,1.2087651728606365e-11,0.050211783563361354,0.000232935,-0.72560438130877647,0.99998076374039657,5.42934,-0.36555661597985495,49.999999999999297,16.137829157010056
7.0149230136164054,-0.94098209744767858,-0.0041023879006932759,-3.258291779396763,0.358483,-2.77902,2.97206,1.4196658057144859e-17,-0.0122065,0.050111854139479148,-909.60005915343436,0.0,32032,1.0,0.0,-0.000120919,2016,1.925786321762337,8.058434485737576e-12,0.05012682137474498,0.000105858,-0.72898853580526046,0.99998080852833937,5.42557,-0.37102112442619573,49.999999999999297,16.133238564854878
7.0156811484369683,-0.93591109097052461,-0.0038096085907169818,-3.2230831306414345,0.361342,-2.76783,2.93958,-3.5491645142862147e-18,-0.0117008,0.050025875308081121,-907.92312295514807,0.0,32032,1.0,0.0,-0.000358683,2048,1.9410078314068198,5.372289657158384e-12,0.050026199517914136,0.000270605,-0.72725499566601515,0.99998086595956914,5.4382,-0.36641461132345504,49.999999999999297,16.134732650411987
7.0147629131673908,-0.9380411954571668,-0.004217423728579103,-3.1990924624650829,0.362785,-2.75237,2.82538,-6.2110379000008757e-18,-0.0122309,0.04945253752848381,-905.41857689728681,1.1102230246251565e-16,32032,1.0,1.1102230246251565e-16,-0.00026788,2080,1.9315751831079035,3.5815264381055895e-12,0.049517984694607456,0.000210524,-0.72542663162409549,0.99998074399028614,5.44607,-0.3864983443253468,49.999999999999297,16.138169102047002
7.0151941922583969,-0.93985181809840568,-0.0041967695488309186,-3.3310157890839038,0.363659,-2.70042,2.64348,-1.4196658057144859e-17,-0.011748,0.050528384743036281,-914.73156769839829,0.0,32032,1.0,0.0,-0.000813696,2112,1.9155285304136145,2.3876842920703928e-12,0.050546097977107352,0.000851393,-0.73320856244593624,0.99998090527114381,5.42227,-0.36184025907506745,49.999999999999297,16.1357377031498
7.0174525337350602,-0.94096125613344594,-0.0042082865872970993,-3.3368197231535053,0.362159,-2.91517,2.65446,1.5527594750002191e-17,-0.0141885,0.050335094306795794,-913.27710107977305,0.0,32032,1.0,0.0,-0.000194795,2144,1.9188720189810458,1.5917895280469286e-12,0.050374732567063367,0.000365257,-0.7320702997196874,0.99998080154413826,5.40205,-0.36790086767178987,49.999999999999297,16.135228300467432
7.0149966045277647,-0.93410270504478199,-0.0042158052641748074,-3.2897329599561362,0.359665,-2.75454,2.7496,3.1055189500004379e-18,-0.01128,0.04953331713148152,-905.43280296536523,0.0,32032,1.0,0.0,-0.000517983,2176,1.9348282509945627,1.0611930186979524e-12,0.049564604930627483,0.000452042,-0.7260097746328863,0.99998070205844902,5.41426,-0.37824669051450249,49.999999999999297,16.141250217951981
7.0049202803695545,-0.93027668965508437,-0.0039853070810220584,-2.9789510076774963,0.359963,-2.84941,2.65902,9.7602024142870912e-18,-0.011101,0.049737737032024519,-901.44409270451968,1.1102230246251565e-16,32032,1.0,1.1102230246251565e-16,-0.000594881,2208,1.9240874454231705,7.0746201246530158e-13,0.049792111907948328,0.000613213,-0.72191416900757166,0.99998083296172358,5.42983,-0.37344713368831578,49.999999999999297,16.133740971103183
7.014371639433743,-0.93831583652899875,-0.0043091150225283061,-3.0513912458359309,0.362102,-2.8662,2.88545,3.5491645142862147e-18,-0.0113285,0.050509293321878625,-914.50190987829569,0.0,32032,1.0,0.0,-0.000493012,2240,1.9306621561028117,4.7164134164353435e-13,0.050544185504249411,0.00039196,-0.73314943028947854,0.99998081958575324,5.42968,-0.35963573322547759,49.999999999999297,16.132560051503692
7.0081959949693617,-0.94256122749581384,-0.0039127333025152271,-3.3026213247554943,0.362424,-2.84506,2.96646,-1.7745822571431074e-18,-0.0104964,0.049232087964207513,-898.21247844627783,0.0,32032,1.0,0.0,-0.00043405,2272,1.9542157946908343,3.1442756109568957e-13,0.049309052597594598,0.000599384,-0.71978958489929523,0.99998072162064888,5.41625,-0.39761423390676526,49.999999999999297,16.129829476622238
7.0158222976945703,-0.93204611581413588,-0.0042575154321762973,-2.7737547069195236,0.359701,-2.70065,2.6873,-1.4640303621430636e-17,-0.00968603,0.049890152818521376,-909.61686261780517,-2.2204460492503131e-16,32032,1.0,-2.2204460492503131e-16,-0.000419767,2304,1.9268178043175799,2.0961837406379305e-13,0.04989462799113379,0.000413179,-0.72918138120813469,0.9999807771835828,5.37268,-0.35653392573652798,49.999999999999297,16.1304625695753
7.016470218760241,-0.93470521517537219,-0.0042879418313227797,-3.2179285140120011,0.354966,-2.68669,2.9672,-1.7745822571431074e-17,-0.0090441,0.049485725623648974,-905.01224693653126,1.1102230246251565e-16,32032,1.0,1.1102230246251565e-16,-0.000760574,2336,1.9355942267351069,1.3974558270919536e-13,0.049496145114583161,0.000771046,-0.72522511649715526,0.9999807202546146,5.31687,-0.3698781339771578,49.999999999999297,16.13536283218
7.0122528152892674,-0.93285682783452539,-0.0040459634733160318,-3.1392339911397937,0.347357,-2.96695,2.87102,-1.2422075800001751e-17,-0.00673028,0.049970998785552098,-906.84901922009703,0.0,32032,1.0,0.0,-0.000248169,2368,1.9120000726738129,9.3163721806130241e-14,0.049975305155897237,0.000285625,-0.72658841230144278,0.99998077580218592,5.31174,-0.37024781629043263,49.999999999999297,16.125964363403671
7.0068624561975037,-0.93052755524333031,-0.0038428383018925083,-2.9590865050170261,0.350364,-2.88941,2.91927,-1.7745822571431074e-18,-0.00692592,0.049535335547777101,-899.73980791417728,0.0,32032,1.0,0.0,-0.000847161,2400,1.9196258328406317,6.2109147870753498e-14,0.049560369659368664,0.000798702,-0.7208551341441457,0.99998067918057443,5.34066,-0.38333210316891397,49.999999999999297,16.127729010716706
7.0075781379157904,-0.9392437080071544,-0.0040335727821561749,-2.8816326110962267,0.350577,-3.08827,2.81068,-7.0983290285724294e-18,-0.00897389,0.050125941340823828,-906.28246041476723,0.0,32032,1.0,0.0,-0.000519709,2432,1.9132615974970957,4.140609858050233e-14,0.050187189878526967,0.000637531,-0.72618472079573171,0.99998052824729244,5.37407,-0.38146299654742444,49.999999999999297,16.135507245833878
7.0175128367895754,-0.93420784891418684,-0.0042783751727117755,-2.8211297944053531,0.355465,-2.88707,2.54361,5.3237467714293221e-18,-0.00788209,0.04966639282764311,-907.72936640994465,0.0,32032,1.0,0.0,-0.000457503,2464,1.9319489436680846,2.7604065720334888e-14,0.049666947903032381,0.000505924,-0.72766920368170518,0.99998055369685668,5.3529,-0.37041923611526367,49.999999999999297,16.134496134487641
7.0129042008971965,-0.94702110436827591,-0.0041530635669841231,-3.0367620931572934,0.353561,-2.9557,2.91786,3.5491645142862147e-18,-0.00646966,0.05082398088975322,-914.94453210612824,0.0,32032,1.0,0.0,-0.000419083,2496,1.939017478619991,1.8402710480223257e-14,0.050842385077288228,0.000365019,-0.73323687480715216,0.99998081179382992,5.35604,-0.37144696327416354,49.999999999999297,16.133791817167289
7.0186561899324289,-0.9373089757983466,-0.0042435634060207913,-3.263120674280974,0.354718,-2.8265,2.75243,8.8729112857155368e-18,-0.00627521,0.050302965874880624,-914.42750079435484,0.0,32032,1.0,0.0,-0.000615975,2528,1.9209365310587485,1.2268473653482172e-14,0.050303086462361937,0.000613451,-0.73291629510643141,0.99998080148681334,5.38465,-0.35662004450580326,49.999999999999297,16.138649509121656
7.0177428687299912,-0.93858511398045885,-0.0042512130458393855,-3.1180470911035743,0.35789,-2.92097,2.75661,1.0203847978572867e-17,-0.00429033,0.049479449798017452,-905.82732271529221,0.0,32032,1.0,0.0,-0.000295148,2560,1.9195184051240177,8.178982435654782e-15,0.049479793817415081,0.000374079,-0.72594203761134768,0.99998084706533508,5.39808,-0.37488330242531198,49.999999999999297,16.13551964698102
7.0154269924145369,-0.9382965517469134,-0.0042711571429306563,-3.0627479618339661,0.359305,-3.01803,2.63343,6.2110379000008757e-18,-0.00856906,0.049439858314484504,-905.16666419429157,0.0,32032,1.0,0.0,-0.000525184,2592,1.9169980467452921,5.4526549571031882e-15,0.04944236289908821,0.000495195,-0.72570392011359286,0.9999806905048404,5.40394,-0.38400374410040883,49.999999999999297,16.139108883715451
7.0168147251206188,-0.94046813216250869,-0.0042490844626389369,-3.3402072372357603,0.361272,-3.31999,2.69232,-1.0647493542858644e-17,-0.00735141,0.04965107624048936,-907.10398416406235,0.0,32032,1.0,0.0,-0.000234679,2624,1.9611455940042628,3.6351033047354591e-15,0.049651183296428945,0.000374794,-0.72720471590296398,0.99998067131321255,5.41299,-0.37449806203662755,49.999999999999297,16.134557398827162
7.0128313117513619,-0.936758899058734,-0.0040526297239469279,-3.021081705217763,0.361105,-2.87092,3.00956,-1.5083949185716413e-17,-0.0104007,0.049501841760336014,-902.82294686278328,0.0,32032,1.0,0.0,-0.000207499,2656,1.9131065429458762,2.4234022031569727e-15,0.0495072327020896,0.000189066,-0.72349357521700242,0.99998073492625128,5.40929,-0.38259186863357997,49.999999999999297,16.140625426767432
7.0158814945333132,-0.93038511971405957,-0.0041251281305039189,-3.2198790506551407,0.360437,-2.83268,2.75333,-1.4196658057144859e-17,-0.00959291,0.05005535076619428,-910.58957597381072,0.0,32032,1.0,0.0,-0.000639176,2688,1.9248251902218545,1.6156014687713152e-15,0.050087956727280107,0.000497103,-0.72982183918103538,0.99998072967434559,5.39268,-0.35141399534600976,49.999999999999297,16.133682662240378
7.0181380463625311,-0.93495639657566632,-0.0041914710576035092,-3.20689661155299,0.358611,-2.8926,2.76044,-1.4418480839287746e-17,-0.00683492,0.05001324213741757,-910.90421201978631,0.0,32032,1.0,0.0,-0.000169278,2720,1.8984593154345937,1.0770676458475435e-15,0.050013947927183507,0.000300169,-0.73014287688722168,0.99998068884448055,5.38867,-0.35876746685405664,49.999999999999297,16.137394502773194
7.0075465488186559,-0.93633212081250483,-0.0037675058547793883,-3.1788458720595263,0.357335,-2.8122,2.92284,1.0647493542858644e-17,-0.00281558,0.049866941157688374,-902.50741723054284,0.0,32032,1.0,0.0,-0.000342967,2752,1.9197611465975544,7.1804509723169568e-16,0.049867096075469797,0.000237703,-0.72330197360956328,0.99998079112779437,5.39724,-0.37903412746103798,49.999999999999297,16.136894999589636
7.0163848428807398,-0.94209930356507565,-0.0044298350608332438,-3.3375478477329747,0.359057,-2.86664,3.01397,8.8729112857155368e-19,-0.00753862,0.051037592004613504,-920.53748960427083,0.0,32032,1.0,0.0,-0.000536604,2784,1.9343701193689844,4.7869673148779716e-16,0.051042192656131628,0.000507832,-0.73770711825415769,0.99998071208078554,5.41341,-0.35462429292185704,49.999999999999297,16.142502889648593
7.0190352212430778,-0.9310059989694891,-0.0040836632889768064,-3.3211806469197147,0.361801,-3.19127,3.27465,-3.1055189500004379e-18,-0.00554608,0.049123272219215135,-903.14710411425801,-2.2204460492503131e-16,32032,1.0,-2.2204460492503131e-16,-0.00136142,2816,1.9208615358946894,3.1913115432519809e-16,0.049223687694945457,0.00137067,-0.72402523010712572,0.99998088101854676,5.41183,-0.3632239967520543,49.999999999999297,16.131682954275306
7.0219853778311707,-0.94028836304607455,-0.0042511913406617849,-3.257905085848348,0.361143,-2.89261,2.87599,-4.8801012071435456e-18,-0.00686272,0.049522217529393835,-907.42260556984456,0.0,32032,1.0,0.0,-0.000319051,2848,1.9405891363745196,2.1275410288346539e-16,0.049527686908761852,0.000518799,-0.72772713773926256,0.99998086039614065,5.39898,-0.37640661081230753,49.999999999999297,16.130340017472328
7.0096666215359082,-0.93062201130877997,-0.0038441248241961948,-3.1561238475320805,0.359615,-3.10173,2.97306,-4.8801012071435456e-18,-0.00732183,0.050186688139024521,-905.97427117430948,0.0,32032,1.0,0.0,-0.000180894,2880,1.9391359048222374,1.4183606858897692e-16,0.050205612780808949,0.000120163,-0.72626572729744365,0.99998072256299986,5.39202,-0.3644020275074813,49.999999999999297,16.128839457283824
7.0089843633757063,-0.93261219133674189,-0.0037867498248712389,-3.3352385503875515,0.356999,-2.81846,2.86024,-3.5491645142862147e-18,-0.00709643,0.049653404969969089,-900.79818275052401,0.0,32032,1.0,0.0,-0.000233524,2912,1.8992133520331314,9.455737905931795e-17,0.049670785271427098,0.00022006,-0.72205885104731027,0.99998080435591297,5.37801,-0.37687191769948397,49.999999999999297,16.134517098280142
7.0144012312503792,-0.93616355616926661,-0.0042377609588314172,-3.1885665383753334,0.356928,-2.79236,2.83047,0.0,-0.00575912,0.049835394146330488,-907.27393879089459,1.1102230246251565e-16,32032,1.0,1.1102230246251565e-16,-0.000238559,2944,1.934097835789754,6.3038252706211967e-17,0.0498391733061593,0.00017786,-0.72730326716471883,0.99998072252443559,5.35751,-0.38036237361706821,49.999999999999297,16.137295374292783
7.0128128395617892,-0.93439137566459729,-0.003951124518100751,-3.2007830111438142,0.35496,-2.80306,3.51014,1.2865721364287529e-17,-0.00532517,0.049312266655038427,-901.13163552693402,0.0,32032,1.0,0.0,-0.000526156,2976,1.924038423810561,4.2025501804141313e-17,0.049314261854727183,0.000375032,-0.72196447398815966,0.99998068464442624,5.35025,-0.37810659577896127,49.999999999999297,16.135063285839795
7.0091026449803486,-0.93588908493299228,-0.0034740611233220072,-3.2685770692973311,0.354743,-2.59387,3.19723,1.4196658057144859e-17,-0.00613111,0.050527468934280381,-909.60220024185639,0.0,32032,1.0,0.0,-0.000291737,3008,1.9455653294709363,2.8017001202760878e-17,0.05060311915536251,0.00032115,-0.72854163760040824,0.99998071021385337,5.32555,-0.367686499957248,49.999999999999297,16.133679014148235
7.0016396189202705,-0.94059757405709277,-0.0038841056077679238,-3.2169434010425495,0.350151,-2.6198,2.98665,1.0647493542858644e-17,-0.00612687,0.049759617017171721,-899.6274899045593,0.0,32032,1.0,0.0,-0.000171525,3040,1.9143108771256343,1.8678000801840584e-17,0.049769421485584622,0.000189543,-0.7209237834207084,0.99998059667393768,5.30847,-0.38899419471677821,49.999999999999297,16.13999964101604
7.0116798702782832,-0.94349847523570629,-0.0039958432591345131,-3.3299119921196385,0.348353,-2.79929,3.49399,3.5491645142862147e-18,-0.00668481,0.05076819869618461,-914.00876131229438,-2.2204460492503131e-16,32032,1.0,-2.2204460492503131e-16,-0.000167058,3072,1.9339677270440414,1.2452000534560389e-17,0.050773605299646335,0.000185013,-0.73241487487158252,0.9999807262828645,5.29306,-0.3702423184384,49.999999999999297,16.137173943240636
7.0032356644777316,-0.93514202012453818,-0.0038512918901540678,-3.3146981955110144,0.346096,-3.00272,2.45841,-4.4364556428577684e-18,-0.00747796,0.049612272006261046,-898.53071106093671,0.0,32032,1.0,0.0,-0.000517797,3104,1.9279325544539281,8.3013336897069257e-18,0.049621567971544489,0.000459433,-0.71998557252895112,0.99998079598919731,5.28785,-0.38094989653384004,49.999999999999297,16.136299040943001
7.0111176734697747,-0.94269836507640359,-0.0042731180240322244,-3.2692775714669171,0.345392,-2.76714,2.88862,1.4862126403573523e-17,-0.00974348,0.050069621236445927,-908.85120824025523,0.0,32032,1.0,0.0,-0.000517451,3136,1.9571359929781365,5.5342224598046172e-18,0.050082670881806526,0.000463486,-0.728246838238778,0.99998067294689763,5.3143,-0.38015576030152159,49.999999999999297,16.131344053697127
7.0028276236120215,-0.9396885963816356,-0.0034803332776885019,-3.1229325946385091,0.350038,-2.90074,2.76915,-2.1294987085717288e-17,-0.00843473,0.050403779130448426,-903.6738426970312,0.0,32032,1.0,1.1102230246251565e-16,-0.000440155,3168,1.9167172291999295,3.6894816398697448e-18,0.050433438777664118,0.00041914,-0.72457564803131858,0.99998072386410441,5.34197,-0.38467743743531396,49.999999999999297,16.140154575521823
7.011646666629094,-0.94651665203367252,-0.0039432787163058225,-3.2554878607101823,0.355909,-3.11,2.91108,1.7745822571431074e-18,-0.00656212,0.049608005378316694,-902.53069150564443,-2.2204460492503131e-16,32032,1.0,-2.2204460492503131e-16,-0.00011869,3200,1.9434980705948304,2.45965442657983e-18,0.04960876810854653,0.000146151,-0.72352965388374224,0.99998079036917953,5.34506,-0.39542912682737025,49.999999999999297,16.127280419842744
7.0168594699137721,-0.9351858168330528,-0.0040834994663073408,-3.3229857274341534,0.354836,-2.8751,2.91351,-1.0647493542858644e-17,-0.00867612,0.049902207061033703,-908.77443561320536,0.0,32032,1.0,0.0,-0.000241028,3232,1.904648053282461,1.6397696177198867e-18,0.049942129932234333,0.000202894,-0.72833723313528431,0.99998065413674053,5.34857,-0.3697808977936331,49.999999999999297,16.139132535538177
7.0092310594010421,-0.93905411574027142,-0.0036305998061901277,-3.2719450399250771,0.3553,-3.03058,2.79508,-1.5971240314287968e-17,-0.0061969,0.05007808826983022,-905.16339484750074,0.0,32032,1.0,0.0,-0.000348126,3264,1.90934207876488,1.0931797451465912e-18,0.050106380761278754,0.000390053,-0.725194404357001,0.99998065536784242,5.35184,-0.37870331794717482,49.999999999999297,16.134876224628982
7.011816111036322,-0.93645999391253487,-0.004104414097465094,-3.1761070634280655,0.358007,-3.02126,2.8791,-7.9856201571439839e-18,-0.00487198,0.04904789379971853,-898.69961747372008,0.0,32032,1.0,0.0,-0.000503152,3296,1.9061727685593228,7.2878649676439414e-19,0.049087559646167449,0.000405312,-0.72014920146187822,0.99998055795769636,5.35064,-0.38662945420209299,49.999999999999297,16.129664536676444
7.0144509611140782,-0.93201094878394242,-0.0037949631719435151,-3.3085692074467739,0.357426,-2.95199,3.11867,-1.7745822571431074e-18,-0.00570233,0.049640376083022651,-903.58525288643148,0.0,32032,1.0,0.0,-0.000198686,3328,1.902613023537288,4.8585766450959609e-19,0.049650521758993288,0.000281334,-0.72409512128647169,0.99998071930710819,5.32954,-0.36878328506493635,49.999999999999297,16.134739196923345
7.0128619944782722,-0.93698861664988575,-0.0036158592744282591,-3.2357237189948478,0.353634,-2.73577,2.8639,1.0647493542858644e-17,-0.00535243,0.050037137405682094,-906.00179881685222,0.0,32032,1.0,0.0,-0.0001964,3360,1.9156502651714513,3.2390510967306405e-19,0.050074004720696466,6.93798e-05,-0.72657432118221854,0.99998062800465337,5.34037,-0.37572138770087282,49.999999999999297,16.128464494016164
7.0176786450734685,-0.94142134377930331,-0.0042401461282559911,-3.3295607224915877,0.356595,-2.77877,3.03675,-1.2422075800001751e-17,-0.00568568,0.049706168001800978,-908.61762809974448,0.0,32032,1.0,0.0,-0.000486491,3392,1.8929670217494252,2.159367397820427e-19,0.049706353695157302,0.00035882,-0.72824267526975539,0.99998084915618257,5.32112,-0.37303396893528801,49.999999999999297,16.127633861146684
7.0155029790616537,-0.93755312879988084,-0.0042014420623642454,-3.2686693285112232,0.354472,-2.9369,2.71506,-1.9520404828574182e-17,-0.00601021,0.049847649930914249,-907.94328217707607,1.1102230246251565e-16,32032,1.0,1.1102230246251565e-16,-0.000758919,3424,1.902990165465124,1.4395782652136181e-19,0.049920990277754047,0.000772715,-0.72790946748713514,0.99998075598872505,5.29102,-0.36920056678181523,49.999999999999297,16.128860044828063
7.011995341397796,-0.93741114373913603,-0.0040976913533429518,-3.321492330819539,0.350815,-2.71804,2.86405,2.0407695957145734e-17,-0.00392034,0.049543016013467119,-903.76333728922611,-2.2204460492503131e-16,32032,1.0,-2.2204460492503131e-16,-0.000412428,3456,1.9203964963256759,9.5971884347574537e-20,0.049555362265048593,0.000647306,-0.7244225445310819,0.99998057353311587,5.26409,-0.38333312881536452,49.999999999999297,16.129298583810904
7.0193130548541127,-0.9295828720568825,-0.0042333253735925939,-3.0860884401958639,0.349384,-3.508,2.78117,1.9964050392859957e-17,-0.00780829,0.048825054935158325,-900.62312775829105,0.0,32032,1.0,0.0,-0.000645954,3488,1.9159433525651286,6.3981256231716354e-20,0.048825079169892122,0.000647306,-0.72229982646593083,0.99998070982649767,5.25275,-0.36633981958346074,49.999999999999297,16.138662338285819
7.0142468299090224,-0.93970392719547269,-0.0042202931166811421,-3.3116142827361941,0.345748,-2.76294,2.88724,5.7673923357150993e-18,-0.005022,0.050473298445184951,-913.19428194374166,0.0,32032,1.0,0.0,-0.000433219,3520,1.9290347367878928,4.2654170821144236e-20,0.050496490999763846,0.000480175,-0.73177527221334682,0.99998067642053523,5.26465,-0.36100309692439642,49.999999999999297,16.13582629839091
7.0183943450614077,-0.93349367451115883,-0.0041205937394442563,-3.3066669341363983,0.349359,-3.00597,2.96543,1.1534784671430199e-17,-0.00764459,0.048901315155561204,-899.61764516357175,-2.2204460492503131e-16,32032,1.0,-2.2204460492503131e-16,-0.000522917,3552,1.9298065209292945,2.8436113880762822e-20,0.048906279508810414,0.000564814,-0.72103822067519563,0.99998069000933498,5.25609,-0.37568981066938817,49.999999999999297,16.135381768144736
7.0177439708150873,-0.92935629837858502,-0.0041967630976947638,-3.1956079399348809,0.346395,-3.00313,2.92551,6.2110379000008757e-18,-0.00355408,0.04945251677790935,-904.5549421040173,0.0,32032,1.0,0.0,-0.000286598,3584,1.9286532138401546,1.895740925384188e-20,0.049474439221061282,0.00029707,-0.72495956949972884,0.99998063958412942,5.2403,-0.36498824170152833,49.999999999999297,16.126447482875072
7.0171773601449132,-0.93757340335774353,-0.0041972478452377525,-3.3203740748485329,0.343484,-2.60604,2.72425,1.5971240314287968e-17,-0.00471658,0.049957206439640814,-910.02442076212867,0.0,32032,1.0,0.0,-0.000306945,3616,1.9281444758866295,1.2638272835894586e-20,0.049973831137189645,0.000319719,-0.72952278887072863,0.99998060822248491,5.26872,-0.36765019614577138,49.999999999999297,16.137613811479248
7.002888026562232,-0.93729029377556727,-0.0035610943366271961,-3.3138195871656779,0.345682,-2.84512,2.84182,-1.7302177007145296e-17,-0.00288307,0.049016898800368081,-891.94309642046051,-2.2204460492503131e-16,32032,1.0,-2.2204460492503131e-16,-0.000377562,3648,1.9146783658941271,8.4255152239297242e-21,0.049039373081042927,0.000391483,-0.71508766257311862,0.99998067705277871,5.29496,-0.39811987665478066,49.999999999999297,16.132695504841909
7.0068864144013796,-0.93995424959443996,-0.0033765492188650246,-3.0364933444888864,0.350538,-2.8011,2.73245,7.9856201571439839e-18,-0.00272042,0.050546617677468132,-906.67774142230746,-2.2204460492503131e-16,32032,1.0,-2.2204460492503131e-16,-0.000576215,3680,1.9104825158253163,5.6170101492864831e-21,0.050675989028819,0.000550508,-0.72685889112499458,0.99998063248816083,5.32923,-0.37374703655092489,49.999999999999297,16.128528300964721
7.0012394818727346,-0.93049015900788989,-0.0038889665139648262,-3.2611945865692058,0.354652,-3.27024,2.7655,3.1055189500004379e-18,-0.00316849,0.050102914350797306,-901.08112308450529,1.1102230246251565e-16,32032,1.0,1.1102230246251565e-16,-0.000162315,3712,1.905649137062982,3.7446734328576554e-21,0.050114859639030181,0.000252247,-0.72191617842776312,0.99998051421733514,5.35223,-0.36805596431811011,49.999999999999297,16.137007682790028
7.0076570802111524,-0.92816603381738028,-0.0039531311715645624,-2.9963131763638997,0.358501,-2.74449,2.64732,5.3237467714293221e-18,-0.0059429,0.049877706871875586,-904.27017589661034,1.1102230246251565e-16,32032,1.0,1.1102230246251565e-16,-0.000580074,3744,1.8790908579335339,2.4964489552384368e-21,0.049886964974507564,0.000445127,-0.72471983753833269,0.99998071563025748,5.32778,-0.36836712587947512,49.999999999999297,16.13087776867777
7.0135994163359578,-0.93613912589206016,-0.0039473929261647014,-3.1440864816050462,0.352791,-2.82513,2.71303,-4.4364556428577684e-18,-0.00592648,0.049428380152573913,-903.42589622269952,-2.2204460492503131e-16,32032,1.0,0.0,-0.000263673,3776,1.9175477143340507,1.6642993034922913e-21,0.049458759507287765,0.000339031,-0.72409434500139924,0.99998061946370798,5.29634,-0.37683374040316653,49.999999999999297,16.136681887210649
7.0017920959499333,-0.93828457812680266,-0.0035972087146658141,-3.3180506017326117,0.348969,-3.14384,2.66168,4.4364556428577684e-18,-0.00202778,0.049909047092321482,-899.49692424317436,0.0,32032,1.0,0.0,-0.000187665,3808,1.9526732915475991,1.1095328689948608e-21,0.049925871928907059,0.000145197,-0.72068661841225767,0.999980801880062,5.30188,-0.38512659135595462,49.999999999999297,16.129184180733997
7.0105386467151849,-0.93431235683605429,-0.0040534536721904485,-3.1982251621284665,0.349871,-2.97361,2.84455,3.5491645142862147e-18,-0.00448831,0.049869526432051982,-905.63144006258119,0.0,32032,1.0,0.0,-0.000248407,3840,1.9264600319724625,7.3968857932990726e-22,0.049876122954820301,0.000203609,-0.72581600590092876,0.99998069975853277,5.31553,-0.3753613085062229,49.999999999999297,16.133190209080247
7.0122827078738075,-0.94142311842865989,-0.0036943867351047575,-2.9897242705043277,0.349015,-3.17551,2.67285,-7.0983290285724294e-18,-0.00205182,0.050409560097779423,-909.31702101834924,1.1102230246251565e-16,32032,1.0,1.1102230246251565e-16,-0.000202858,3872,1.9286113488546364,4.9312571955327154e-22,0.050418730004548051,0.000249147,-0.72854897501530969,0.99998079614368407,5.32405,-0.3716239993000191,49.999999999999297,16.133518969532336
7.0209059001483753,-0.9315005675295942,-0.004329518052010913,-3.1255012683200101,0.3527,-3.15827,2.98891,-1.1091139107144421e-17,-0.00270084,0.049223108897906626,-905.30658607521968,0.0,32032,1.0,0.0,-0.00044617,3904,1.9205177860053668,3.2875047970218102e-22,0.049233852666321888,0.000349045,-0.72579412671534083,0.99998067775042188,5.34949,-0.37002354628198802,49.999999999999297,16.131148259898595
7.0068775806324339,-0.93943395922634132,-0.0037755065766279365,-2.9856968725873752,0.35398,-2.69768,2.83642,-1.7745822571431074e-18,-0.00440675,0.051180074219626497,-914.7455807134055,-2.2204460492503131e-16,32032,1.0,-2.2204460492503131e-16,-0.000526466,3936,1.9246685051048094,2.1916698646812067e-22,0.051187920770773526,0.000513315,-0.73294998243517084,0.99998071806235367,5.39943,-0.35877990007170668,49.999999999999297,16.138142382458692
7.0187315197292115,-0.93860139518741514,-0.0041660433567487559,-3.1744666994353739,0.358612,-2.82718,3.05298,-5.3237467714293221e-18,-0.00298113,0.050009023444640206,-911.74717885613086,0.0,32032,1.0,0.0,-0.000370609,3968,1.9158234759740802,1.4611132431208044e-22,0.050009040756497002,0.000289202,-0.73085400734539729,0.99998092653030402,5.41361,-0.36837191600915448,49.999999999999297,16.132275997312689
7.0166293046190047,-0.93816441162858522,-0.0042850230431607213,-3.2829359990063489,0.361899,-2.87318,2.73168,1.1978430235715974e-17,-0.00199274,0.050323002450786629,-913.03612950266893,0.0,32032,1.0,0.0,-0.00033325,4000,1.9207733756731149,9.7407549541386958e-23,0.05033093110126613,0.000233889,-0.73207640355923642,0.99998084082196859,5.40828,-0.36030794137463229,49.999999999999297,16.124566918372341
7.0138267748336913,-0.92734882764878612,-0.0037814413411830332,-2.8063125428472473,0.361556,-2.67448,3.64722,-1.7745822571431074e-18,-0.00246485,0.049726288173496815,-904.90411392173792,0.0,32032,1.0,0.0,-0.000339528,4032,1.9151063993225501,6.4938366360924635e-23,0.049730390472286161,0.000300884,-0.7253809449316595,0.99998089801115819,5.39591,-0.35946147985859778,49.999999999999297,16.13214550788318
7.0082049878488046,-0.935591871396522,-0.0039102262839355167,-3.1911945809555884,0.362814,-2.93367,3.18002,-2.1294987085717288e-17,-0.0024299,0.050635045151196482,-909.6723441095379,0.0,32032,1.0,0.0,-0.000638323,4064,1.90766593482108,4.3292244240616421e-23,0.050644070686235554,0.000623703,-0.72895073882167394,0.99998070191141453,5.38841,-0.36954469068284923,49.999999999999297,16.134035484242176
7.0221233140483061,-0.9306177109939191,-0.0038716799987696276,-2.8811572136237871,0.359987,-2.91958,2.8919,6.2110379000008757e-18,-0.00268276,0.050063297569210234,-912.89386043694856,0.0,32032,1.0,0.0,-0.000208577,4096,1.9364321140872753,2.8861496160410946e-23,0.050076220516178577,0.000308752,-0.73186847114694176,0.9999807338234985,5.37749,-0.35151427966578991,49.999999999999297,16.138292650150717
7.0151509036810227,-0.93127583940964509,-0.0040418577511671374,-3.2328115954295464,0.360009,-3.16623,2.71476,-7.0983290285724294e-18,-0.00314001,0.049111342599229363,-901.54581784647189,3.3306690738754696e-16,32032,1.0,3.3306690738754696e-16,-0.000494476,4128,1.908115614806956,1.9240997440273965e-23,0.049157482180560229,0.000514746,-0.72238951187668776,0.99998088164835697,5.36842,-0.37280081744339882,49.999999999999297,16.124243900667999
7.0169587057007607,-0.92984112960753018,-0.0040138819568010771,-3.3108608802451487,0.360785,-3.31481,3.3692,-1.2422075800001751e-17,-0.00151874,0.050263090559328372,-911.69122648167217,0.0,32032,1.0,0.0,-0.000460215,4160,1.9423008672432995,1.282733162684931e-23,0.050266459880754032,0.000448942,-0.7307324274522482,0.99998080341311435,5.33602,-0.35097852784424244,49.999999999999297,16.124584359741629
7.0073952684753413,-0.93676732125749751,-0.0039947663203569487,-3.2332162023397593,0.355752,-2.92346,3.19733,0.0,-0.00601331,0.050530334821310252,-910.45918899925846,0.0,32032,1.0,0.0,-0.000329867,4192,1.9139336581620066,8.5515544178995397e-24,0.050571343569257833,0.000231981,-0.72941505561409847,0.99998081755380386,5.3476,-0.36358196011852817,49.999999999999297,16.14120771900236
7.0046705304499541,-0.93180125367185951,-0.0038706034009392005,-3.1385340646989142,0.359551,-2.77756,2.79036,-1.7745822571431074e-18,-0.00710073,0.049260234042621774,-896.72081806171582,1.1102230246251565e-16,32032,1.0,1.1102230246251565e-16,-0.000381189,4224,1.9222562666375171,5.7010362785996929e-24,0.049276958401380133,0.000301838,-0.71809594990564274,0.99998089684807556,5.3224,-0.3874255540148796,49.999999999999297,16.132582227074678
7.0132293877121779,-0.93878629630157084,-0.0040374295940251827,-3.2982269345608355,0.355594,-2.84861,2.77956,-3.1942480628575935e-17,-0.00669333,0.050276362809786888,-910.73810156969034,-2.2204460492503131e-16,32032,1.0,-2.2204460492503131e-16,-0.000594868,4256,1.9299379945940196,3.8006908523997953e-24,0.050284936154189261,0.000440121,-0.73014307904198694,0.99998066622345549,5.33361,-0.3699626120587261,49.999999999999297,16.137427877025868
7.0190626758112025,-0.93637803755144444,-0.0042294798726629831,-2.9061288531146512,0.355857,-2.70564,2.83369,-8.8729112857155368e-18,-0.0041994,0.050121368588321599,-912.27296199135367,0.0,32032,1.0,0.0,-0.000248558,4288,1.9382275181442019,2.5337939015998635e-24,0.050122174006118618,0.000241041,-0.73130543681387683,0.99998075507778938,5.34401,-0.35996754878411746,49.999999999999297,16.129426681990314
7.0135875490817057,-0.93342141476931195,-0.0039942196171407294,-3.2378068860927662,0.358491,-2.7502,3.35501,-5.7673923357150993e-18,-0.0072784,0.049877863021494009,-907.13666173066076,0.0,32032,1.0,0.0,-0.000228419,4320,1.9035334496741394,1.6891959343999091e-24,0.049888084981379567,0.000281572,-0.72689933900383008,0.999980850689136,5.3571,-0.36530541691398732,49.999999999999297,16.130517175730521
7.0064359720657237,-0.93727118866111592,-0.0040822478767992476,-3.0744851592886322,0.36041,-2.77637,2.8438,-1.7745822571431074e-18,-0.00604904,0.05008407309129477,-905.88196022170405,0.0,32032,1.0,0.0,-0.000158984,4352,1.919462311172681,1.1261306229332728e-24,0.050089219440018949,0.000149965,-0.72560941798143164,0.99998081855531129,5.36091,-0.3729789124147635,49.999999999999297,16.125841556539651
7.0085409511081576,-0.9376462600921851,-0.0040973977637887597,-3.2583672488711568,0.361073,-2.94147,3.1087,3.2829771757147484e-17,-0.00562037,0.04977765111696407,-903.56596847575054,0.0,32032,1.0,0.0,-0.000287947,4384,1.9476927408979565,7.5075374862218184e-25,0.049807946623925493,0.000279665,-0.7239242750883137,0.99998075594664482,5.34435,-0.37924728193472557,49.999999999999297,16.132248931088501
7.0145098554135306,-0.93260099581468181,-0.0042146972943806135,-3.1225923503356623,0.360162,-3.18905,2.9607,-3.1055189500004379e-18,-0.00368997,0.049593116136867094,-905.53346046515617,0.0,32032,1.0,0.0,-0.000852594,4416,1.9188083754441443,5.0050249908145456e-25,0.049608824612440684,0.000763893,-0.7257165502032108,0.99998077847786282,5.34815,-0.36958513251202713,49.999999999999297,16.127419208163818
7.0158746538424523,-0.93105262142799394,-0.0037004379450008623,-3.2662042157833509,0.361617,-2.8795,3.4314,1.0647493542858644e-17,-0.00422561,0.049548301252314131,-903.18987784916089,-2.2204460492503131e-16,32032,1.0,-2.2204460492503131e-16,-0.000240476,4448,1.9296832942698769,3.3366833272096972e-25,0.049562709131914365,0.000234842,-0.72367260011259282,0.99998078118231981,5.36944,-0.36638232181638325,49.999999999999297,16.127717723626134
7.0156243146204247,-0.9333740199868924,-0.0038266095556760945,-3.1751575542102275,0.362293,-2.98741,3.02374,3.9928100785719919e-18,-0.00378778,0.049757776708739022,-906.31315286346148,0.0,32032,1.0,0.0,-0.000355671,4480,1.9221777086642955,2.2244555514731313e-25,0.049767824618265025,0.000379562,-0.72624396362215227,0.9999807496245755,5.40335,-0.36697662651210866,49.999999999999297,16.136895483960991
7.0154057319745204,-0.93308022035958027,-0.0041222787761646847,-2.962373927520364,0.366345,-2.84175,3.3732,8.8729112857155368e-18,-0.0067612,0.049163425809505605,-900.66293613071025,0.0,32032,1.0,0.0,-0.000112501,4512,1.9322490630031541,1.4829703676487543e-25,0.049215375107282508,0.000181675,-0.72173284117639891,0.99998075315043999,5.42926,-0.37488496251631703,49.999999999999297,16.129267099181284
7.011433275237855,-0.93639406020074212,-0.0038159246168470657,-3.1141734294908643,0.368467,-3.17239,3.03304,1.5971240314287968e-17,-0.0046676,0.049658044090635046,-903.08951292614006,0.0,32032,1.0,0.0,-0.000419641,4544,1.9134342491189582,9.8864691176583624e-26,0.049664280314600517,0.000294685,-0.72390319169767081,0.9999807753543638,5.43181,-0.38060939452473558,49.999999999999297,16.128863709379907
7.013161851822618,-0.93353590819709575,-0.0042399544485463283,-3.3131535771954277,0.369822,-3.00404,3.38135,1.0647493542858644e-17,-0.00424712,0.049916635284725765,-908.02482419953549,0.0,32032,1.0,0.0,-0.00092396,4576,1.9089560025331123,6.590979411772242e-26,0.049917201579628145,0.000982285,-0.72767446721100992,0.9999807326366793,5.43575,-0.36298091929401238,49.999999999999297,16.127902533285216
7.0079661770296031,-0.93976631312052694,-0.0041273355744076961,-2.5302059308730631,0.371867,-3.07548,3.06708,7.0983290285724294e-18,-0.00380148,0.050253602358419976,-908.43462830862632,0.0,32032,1.0,0.0,-0.000486125,4608,1.9286472527064511,4.3939862745148278e-26,0.050263261441845147,0.000593185,-0.72818583371110657,0.99998079330198386,5.39619,-0.37459900911481919,49.999999999999297,16.136067589564991
7.017128275776531,-0.93739437325862274,-0.0041732708364526222,-3.2576731172757944,0.367265,-2.91425,3.35699,2.8393316114289718e-17,-0.00260267,0.049533129142045752,-905.36522909400969,-2.2204460492503131e-16,32032,1.0,-2.2204460492503131e-16,-0.000277343,4640,1.9169628239636505,2.9293241830098852e-26,0.049536245428647131,0.000241041,-0.72610766700871676,0.99998068371846383,5.38484,-0.37618128275123008,49.999999999999297,16.132764356035469
7.0075749753500043,-0.93244903711791838,-0.0039830459637064716,-3.1297655187603093,0.364375,-3.06686,2.73864,8.8729112857155368e-19,-0.00445637,0.049386184013476504,-900.21200899489156,0.0,32032,1.0,0.0,-9.84282e-05,4672,1.9250466469734073,1.9528827886732569e-26,0.049392553106571854,7.24792e-05,-0.72112633202026499,0.99998074441046614,5.37658,-0.37879882027388301,49.999999999999297,16.125708736406811
7.0167276365143634,-0.94006033028008251,-0.0037732506720744826,-3.2632354585477312,0.362854,-3.4436,3.63681,1.7745822571431074e-18,-0.00263343,0.050069398342297275,-908.6505453862635,0.0,32032,1.0,0.0,-0.000364715,4704,1.9159008816878647,1.3019218591155047e-26,0.050104986344868624,0.000233889,-0.72818247224790644,0.99998068244028648,5.3714,-0.37133037396825963,49.999999999999297,16.133217781977809
7.008611724011641,-0.94075395818754759,-0.0039620771191986055,-3.2106420138895673,0.364812,-2.96879,3.24928,3.1942480628575935e-17,-0.00425215,0.049638523660550188,-903.3135377711551,0.0,32032,1.0,0.0,-0.000407589,4736,1.9117624810508003,8.6794790607700317e-27,0.04964034502986573,0.000406742,-0.72374658497087496,0.9999806426701614,5.36538,-0.38624899957811837,49.999999999999297,16.135864000767334
7.0037267930963969,-0.93620227695543334,-0.0035883627658687199,-2.6785231926515087,0.364549,-3.16369,2.75032,2.661873385714661e-18,-0.00394676,0.049557566487949969,-896.69648373073358,0.0,32032,1.0,0.0,-0.000350348,4768,1.9086479279232216,5.7863193738466876e-27,0.049564568442927642,0.000321388,-0.71860000257257828,0.99998069115851307,5.34409,-0.39112588962358508,49.999999999999297,16.130757110909204
7.0153794490777113,-0.93896494791193064,-0.0041699360889888067,-3.0185487027972515,0.362024,-2.77105,3.13683,4.4364556428577684e-18,-0.00297915,0.050413005135133464,-913.4781347265274,1.1102230246251565e-16,32032,1.0,1.1102230246251565e-16,-0.000305959,4800,1.940864130129647,3.8575462492311253e-27,0.050584638522121285,0.000251293,-0.73187968164613981,0.99998065103538103,5.34961,-0.36403954221781953,49.999999999999297,16.142051022996995
7.0068844356680895,-0.93438504036057235,-0.0040147516109024254,-3.0082858946589539,0.362364,-2.87354,3.40284,8.8729112857155368e-19,-0.0041996,0.049532680857145885,-900.45687983771518,-2.2204460492503131e-16,32032,1.0,-2.2204460492503131e-16,-0.000430952,4832,1.9361382666853399,2.571697499487417e-27,0.049549410510197033,0.000379562,-0.72135847814793419,0.99998056015839087,5.36547,-0.3801720424677672,49.999999999999297,16.133124143215987
7.0117626914626019,-0.93382863996829635,-0.0039243344708757453,-3.2498602932134646,0.365775,-3.20919,3.22719,5.3237467714293221e-18,-0.00343676,0.049777322080970209,-903.49682046790645,0.0,32032,1.0,0.0,-0.000421645,4864,1.9162457477825601,1.7144649996582781e-27,0.049790787964172335,0.000501156,-0.72427698890958869,0.99998070293491548,5.36968,-0.37534900838082863,49.999999999999297,16.124191582957401
7.0130149508835196,-0.93630477938282797,-0.0042121883610268702,-3.1723606205273014,0.366828,-2.87861,3.04299,-7.0983290285724294e-18,-0.00345695,0.049980026374402346,-908.14311933800559,0.0,32032,1.0,0.0,-0.000175825,4896,1.9399525279976764,1.1429766664388521e-27,0.049985086084138708,0.000216007,-0.72766248394791055,0.99998061594743204,5.37109,-0.37034526175802496,49.999999999999297,16.123474569041697
7.0133418766598465,-0.9313137505727288,-0.0040395074142459148,-3.1585675486677438,0.364501,-3.05894,3.3265,-1.5971240314287968e-17,-0.00402489,0.049609640301057863,-904.2527975257899,1.1102230246251565e-16,32032,1.0,1.1102230246251565e-16,-0.000716312,4928,1.9215834458059198,7.6198444429256805e-28,0.049609692434827934,0.000652313,-0.72442130515851122,0.99998078894609943,5.37141,-0.37380955157609175,49.999999999999297,16.127386299499832
7.0048411109933388,-0.93523314521499867,-0.0040965635188452299,-3.3252143908399225,0.369113,-3.55811,3.07518,6.8765062464295408e-18,-0.00439454,0.048946162955611106,-894.61801165047893,0.0,32032,1.0,0.0,-0.000432483,4960,1.9286184441287764,5.0798962952837873e-28,0.048964197311136985,0.000567436,-0.71667351752170205,0.99998064463314029,5.37944,-0.38967950997176165,49.999999999999297,16.131806689008222
7.0182925931619451,-0.93863154338842969,-0.0042128076939405229,-3.2561436855420616,0.369736,-3.17993,3.02731,1.0647493542858644e-17,-0.00292318,0.049205531715854775,-903.97246574397104,-2.2204460492503131e-16,32032,1.0,-2.2204460492503131e-16,-0.000675497,4992,1.9234620541300411,3.3865975301891915e-28,0.049210860994344574,0.000450373,-0.72434667284413301,0.99998058623441599,5.37472,-0.37855506193888094,49.999999999999297,16.138456073721631
